pubchem_id,chembl_id
4,CHEMBL326602
49,CHEMBL146554
58,CHEMBL171246
70,CHEMBL445647
72,CHEMBL37537
107,CHEMBL851
119,CHEMBL96
125,CHEMBL202132
126,CHEMBL14193
135,CHEMBL441343
176,CHEMBL539
177,CHEMBL170365
178,CHEMBL16081
179,CHEMBL3561873
180,CHEMBL14253
196,CHEMBL1157
206,
239,CHEMBL297569
240,CHEMBL15972
243,CHEMBL541
244,CHEMBL720
247,CHEMBL1182
261,CHEMBL1478334
262,CHEMBL2312529
263,CHEMBL14245
264,CHEMBL14227
284,CHEMBL116736
294,
309,
311,CHEMBL1261
313,CHEMBL1231821
323,CHEMBL6466
325,CHEMBL3183500
326,CHEMBL161577
332,CHEMBL1232595
335,CHEMBL46931
338,CHEMBL424
342,CHEMBL298312
356,CHEMBL134886
379,CHEMBL324846
402,CHEMBL1200739
402,CHEMBL2105487
454,CHEMBL18407
460,CHEMBL13766
473,CHEMBL1233860
527,CHEMBL275626
602,CHEMBL12198
612,CHEMBL1200559
650,CHEMBL365809
660,CHEMBL89306
670,CHEMBL1229937
674,CHEMBL120433
679,CHEMBL504
702,CHEMBL545
743,CHEMBL1162495
750,CHEMBL773
753,CHEMBL692
768,CHEMBL183419
784,CHEMBL71595
785,CHEMBL537
791,CHEMBL297800
798,CHEMBL15844
802,CHEMBL82411
875,CHEMBL333714
876,CHEMBL274119
878,
880,CHEMBL170721
887,CHEMBL14688
931,CHEMBL16293
932,CHEMBL32571
957,CHEMBL26215
964,
971,CHEMBL146755
985,CHEMBL82293
994,CHEMBL25080
996,CHEMBL14060
998,CHEMBL1233464
999,CHEMBL1044
1001,CHEMBL610
1004,CHEMBL1187
1030,CHEMBL286398
1031,CHEMBL14687
1032,CHEMBL14021
1049,CHEMBL266158
1060,CHEMBL1162144
1068,CHEMBL15580
1101,CHEMBL23894
1103,CHEMBL23194
1110,CHEMBL576
1115,
1119,CHEMBL1235997
1123,CHEMBL239243
1130,CHEMBL1547
1136,CHEMBL1236482
1140,CHEMBL9113
1146,CHEMBL439723
1182,CHEMBL11257
1183,CHEMBL13883
1213,
1254,CHEMBL256087
1491,CHEMBL328910
1889,CHEMBL271939
2180,CHEMBL1967951
2214,CHEMBL346919
2230,CHEMBL7303
2236,CHEMBL93353
2345,CHEMBL1239
2346,CHEMBL55285
2519,CHEMBL113
2682,CHEMBL706
2757,CHEMBL15134
2758,CHEMBL485259
2758,CHEMBL1231862
2758,CHEMBL1397305
2879,CHEMBL16645
2969,CHEMBL107498
2998,CHEMBL75124
3026,CHEMBL272485
3102,CHEMBL90039
3314,CHEMBL42710
3473,CHEMBL1950582
3611,CHEMBL48310
3776,CHEMBL582
3879,CHEMBL110309
3893,CHEMBL108766
4114,CHEMBL416
4133,CHEMBL108545
4276,CHEMBL481044
4453,CHEMBL174778
4650,CHEMBL8320
4680,CHEMBL19224
4788,CHEMBL45068
4947,CHEMBL7983
5054,CHEMBL24147
5144,CHEMBL242273
5281,CHEMBL46403
5429,CHEMBL1114
5541,CHEMBL1489254
5610,CHEMBL11608
5634,CHEMBL1276010
5780,CHEMBL1682
5793,CHEMBL1222250
5862,CHEMBL863
5959,CHEMBL130
5960,CHEMBL274323
5961,CHEMBL930
5962,CHEMBL8085
5971,CHEMBL233248
5984,
5988,CHEMBL253582
6050,CHEMBL118722
6054,CHEMBL448500
6057,CHEMBL925
6072,CHEMBL245067
6083,CHEMBL752
6106,CHEMBL291962
6134,CHEMBL417016
6140,CHEMBL301523
6167,CHEMBL107
6184,CHEMBL280331
6202,CHEMBL1200941
6213,CHEMBL25028
6224,CHEMBL1355
6251,CHEMBL689
6255,CHEMBL1908365
6274,CHEMBL17962
6276,CHEMBL14568
6305,CHEMBL54976
6322,CHEMBL1485
6341,CHEMBL14449
6343,
6344,CHEMBL45967
6354,CHEMBL1743219
6363,CHEMBL117080
6364,CHEMBL1897156
6405,CHEMBL44658
6448,CHEMBL1439452
6493,CHEMBL506184
6506,CHEMBL464988
6532,CHEMBL3185164
6544,CHEMBL1882894
6548,CHEMBL3183871
6549,CHEMBL25306
6558,
6560,CHEMBL269630
6561,CHEMBL1404017
6568,CHEMBL45462
6569,CHEMBL15849
6584,CHEMBL14079
6590,CHEMBL108778
6616,CHEMBL2268550
6651,CHEMBL1651998
6651,CHEMBL1414114
6651,CHEMBL1513871
6654,CHEMBL442565
6660,
6736,CHEMBL1329793
6781,CHEMBL388558
6782,CHEMBL1370662
6826,CHEMBL1409791
6874,CHEMBL2260718
6877,CHEMBL1332922
6915,CHEMBL184290
6919,CHEMBL1232797
6920,CHEMBL401911
6943,CHEMBL30018
6949,
6985,CHEMBL541939
6986,CHEMBL1719455
6987,CHEMBL2252746
6988,CHEMBL1898498
6989,CHEMBL29411
6998,CHEMBL108925
7002,CHEMBL383808
7041,CHEMBL109652
7043,CHEMBL1668603
7047,CHEMBL14474
7055,CHEMBL195895
7059,CHEMBL1412508
7095,CHEMBL14092
7127,CHEMBL108861
7136,CHEMBL108299
7144,CHEMBL3182715
7146,CHEMBL3730701
7147,CHEMBL1397202
7148,CHEMBL193446
7150,CHEMBL16435
7151,CHEMBL379845
7165,CHEMBL510714
7187,CHEMBL1200370
7193,CHEMBL2260711
7194,CHEMBL2252208
7196,CHEMBL573781
7222,CHEMBL510309
7237,CHEMBL45005
7247,CHEMBL1797280
7249,CHEMBL192008
7267,CHEMBL192591
7284,CHEMBL2270060
7288,CHEMBL45315
7302,CHEMBL95681
7304,CHEMBL1234459
7311,CHEMBL29873
7335,CHEMBL1351619
7341,CHEMBL1204680
7342,CHEMBL295870
7344,CHEMBL3186323
7351,CHEMBL3188433
7353,
7359,CHEMBL273782
7360,CHEMBL2287521
7361,CHEMBL308187
7362,CHEMBL189362
7363,CHEMBL3560314
7364,CHEMBL328441
7393,CHEMBL16217
7409,CHEMBL508917
7410,CHEMBL274467
7438,CHEMBL1385229
7439,CHEMBL15676
7456,CHEMBL325372
7459,
7460,CHEMBL3188459
7461,CHEMBL449693
7462,CHEMBL2251642
7463,CHEMBL442915
7465,CHEMBL29966
7469,CHEMBL201083
7476,CHEMBL401912
7478,CHEMBL21932
7500,CHEMBL371561
7501,CHEMBL285235
7507,
7509,CHEMBL1224557
7519,CHEMBL278024
7520,CHEMBL192899
7523,CHEMBL279305
7531,CHEMBL3183743
7559,CHEMBL3189123
7583,CHEMBL38934
7590,CHEMBL3183476
7600,
7601,CHEMBL3183441
7643,CHEMBL2252087
7646,CHEMBL3561355
7650,CHEMBL3183179
7651,CHEMBL3184059
7654,CHEMBL3184025
7655,CHEMBL3184929
7657,CHEMBL152299
7658,CHEMBL3187974
7664,
7668,CHEMBL286062
7695,CHEMBL3184606
7702,CHEMBL3185876
7704,CHEMBL3559967
7707,CHEMBL440161
7708,
7710,CHEMBL191935
7711,
7714,CHEMBL195827
7720,CHEMBL31637
7725,CHEMBL190927
7728,CHEMBL227181
7731,CHEMBL154155
7738,CHEMBL294431
7742,CHEMBL365316
7749,CHEMBL44115
7755,CHEMBL1789215
7761,CHEMBL177114
7762,CHEMBL44800
7765,CHEMBL1338583
7768,CHEMBL276218
7770,
7772,
7775,
7778,CHEMBL3184928
7792,CHEMBL3181881
7793,CHEMBL1907995
7794,CHEMBL447944
7795,CHEMBL3187370
7797,CHEMBL3184220
7799,
7800,CHEMBL3187842
7802,
7803,CHEMBL3185284
7809,CHEMBL31561
7820,CHEMBL556489
7824,
7826,
7845,CHEMBL537970
7847,CHEMBL721
7848,CHEMBL1236818
7852,CHEMBL14409
7858,CHEMBL234926
7888,CHEMBL3186027
7894,CHEMBL42003
7895,CHEMBL45345
7896,CHEMBL3186475
7909,CHEMBL285323
7915,CHEMBL1608674
7918,CHEMBL1305819
7921,CHEMBL195593
7929,CHEMBL286727
7936,
7937,CHEMBL22976
7938,
7943,CHEMBL1986332
7945,CHEMBL3183097
7947,CHEMBL1797281
7957,CHEMBL3187831
7958,CHEMBL3182186
7962,
7964,CHEMBL16200
7966,CHEMBL32010
7967,CHEMBL18850
7969,CHEMBL119405
7975,CHEMBL15732
7976,CHEMBL479791
7981,
7983,
7991,CHEMBL268736
7997,CHEMBL44857
8003,CHEMBL16102
8007,CHEMBL13968
8012,CHEMBL3188256
8013,
8021,CHEMBL1189
8025,CHEMBL44215
8027,CHEMBL16225
8028,CHEMBL276521
8038,CHEMBL46999
8042,CHEMBL207602
8048,CHEMBL3184829
8050,CHEMBL2137647
8051,CHEMBL18893
8052,
8058,CHEMBL15939
8060,
8063,CHEMBL18602
8067,
8073,CHEMBL2270393
8077,
8082,CHEMBL15487
8091,CHEMBL3183908
8093,CHEMBL18549
8094,CHEMBL320358
8103,CHEMBL14085
8106,CHEMBL153339
8118,
8122,
8129,CHEMBL273459
8130,CHEMBL18104
8138,CHEMBL1591973
8139,CHEMBL1894365
8141,CHEMBL335900
8158,CHEMBL108436
8159,CHEMBL2228455
8160,CHEMBL2141776
8163,CHEMBL1236582
8164,CHEMBL2228456
8167,CHEMBL2228458
8169,CHEMBL2270392
8174,CHEMBL25363
8175,CHEMBL2228377
8176,
8180,CHEMBL108030
8181,CHEMBL335125
8182,CHEMBL30959
8184,CHEMBL444525
8185,
8186,CHEMBL1236576
8187,CHEMBL3185269
8193,CHEMBL24722
8194,CHEMBL2228373
8201,
8205,CHEMBL2228460
8207,CHEMBL24832
8209,CHEMBL24022
8222,
8257,CHEMBL4245903
8294,CHEMBL502773
8299,
8314,CHEMBL1160012
8347,
8363,CHEMBL460124
8365,CHEMBL2251610
8369,CHEMBL31422
8375,CHEMBL3187012
8403,
8405,CHEMBL12315
8418,CHEMBL333179
8419,CHEMBL1088937
8432,CHEMBL3185936
8434,CHEMBL15841
8438,CHEMBL271663
8452,CHEMBL18620
8467,CHEMBL508676
8468,CHEMBL120568
8499,CHEMBL1762668
8500,CHEMBL271871
8549,CHEMBL387326
8635,CHEMBL1493986
8655,CHEMBL225303
8658,CHEMBL396295
8698,CHEMBL1868953
8712,CHEMBL3182595
8723,CHEMBL451923
8738,CHEMBL3183988
8748,CHEMBL3184678
8752,CHEMBL2104112
8768,CHEMBL222021
8785,CHEMBL1233714
8792,
8794,CHEMBL3560735
8797,CHEMBL501246
8815,CHEMBL470671
8821,CHEMBL52084
8834,CHEMBL3185956
8835,CHEMBL3185221
8842,CHEMBL395827
8857,CHEMBL14152
8858,CHEMBL3185916
8863,CHEMBL3184842
8868,CHEMBL169176
8883,CHEMBL3188902
8892,CHEMBL14184
8900,CHEMBL134658
8907,CHEMBL139055
8908,CHEMBL2228454
8914,CHEMBL24563
8918,CHEMBL2228457
8969,CHEMBL15245
8988,CHEMBL80257
8998,CHEMBL402812
9015,CHEMBL544
9016,CHEMBL1668604
9017,CHEMBL1453648
9020,CHEMBL3907604
9025,CHEMBL2252486
9060,CHEMBL292303
9064,CHEMBL311498
9256,CHEMBL15605
9261,CHEMBL15797
9317,
9473,CHEMBL1366925
9589,CHEMBL3187172
9609,CHEMBL117181
9649,CHEMBL3039186
9862,CHEMBL46340
9895,CHEMBL1952257
10037,CHEMBL116960
10106,CHEMBL2288022
10224,
10225,
10231,CHEMBL470874
10248,CHEMBL458690
10281,CHEMBL1672002
10282,
10329,CHEMBL370688
10341,CHEMBL166223
10353,CHEMBL4169727
10362,
10364,CHEMBL281202
10393,CHEMBL53566
10402,CHEMBL2288023
10405,
10407,
10408,
10430,CHEMBL568737
10448,CHEMBL332887
10451,
10452,CHEMBL3183037
10453,CHEMBL453797
10484,
10534,
10558,
10582,CHEMBL443408
10586,
10657,CHEMBL3120653
10659,CHEMBL1560118
10680,CHEMBL275638
10703,
10722,CHEMBL1487138
10748,CHEMBL49732
10795,CHEMBL3183607
10797,CHEMBL1445555
10812,
10817,
10819,CHEMBL444711
10823,CHEMBL23025
10873,
10882,CHEMBL47483
10883,CHEMBL3182933
10885,
10886,CHEMBL3187784
10890,CHEMBL3183048
10895,
10902,
10925,
10931,CHEMBL115725
10934,
10943,CHEMBL45235
10947,
10957,
10966,CHEMBL2251727
10975,
10976,CHEMBL449522
10979,
11002,CHEMBL3561568
11005,CHEMBL111077
11006,CHEMBL134994
11027,
11038,
11039,
11086,CHEMBL2251601
11124,CHEMBL3183973
11126,
11128,CHEMBL3039425
11142,CHEMBL444254
11160,
11167,CHEMBL396000
11168,
11173,CHEMBL3184952
11176,
11230,CHEMBL507795
11251,CHEMBL3183920
11265,
11335,CHEMBL30106
11340,
11363,CHEMBL192258
11419,CHEMBL1946183
11449,
11463,CHEMBL454697
11467,
11468,
11508,
11509,CHEMBL3184187
11514,
11520,CHEMBL452729
11523,
11527,CHEMBL487998
11529,CHEMBL3561586
11543,CHEMBL450417
11552,CHEMBL18360
11559,CHEMBL478640
11567,
11569,CHEMBL22585
11579,CHEMBL1235931
11583,CHEMBL195861
11593,
11613,CHEMBL1814588
11614,CHEMBL2270394
11617,CHEMBL170458
11622,CHEMBL480097
11635,
11686,CHEMBL3360549
11732,CHEMBL443470
11747,CHEMBL192809
11902,
12020,CHEMBL2269086
12025,CHEMBL276849
12041,CHEMBL173373
12044,
12072,
12097,CHEMBL2230304
12105,
12146,
12150,CHEMBL225153
12170,CHEMBL1522321
12178,CHEMBL46678
12180,CHEMBL15859
12206,
12209,CHEMBL3188103
12230,
12232,CHEMBL1347061
12247,
12256,
12257,CHEMBL3184082
12264,
12266,CHEMBL1416448
12278,
12293,
12294,
12297,CHEMBL45425
12327,
12344,CHEMBL3182412
12348,CHEMBL47769
12366,CHEMBL3561042
12367,CHEMBL454517
12377,
12386,
12388,CHEMBL135694
12389,CHEMBL135488
12391,CHEMBL1234557
12395,CHEMBL3182381
12397,CHEMBL26561
12398,CHEMBL3185332
12401,
12403,
12405,
12406,
12507,
12508,
12514,
12518,
12523,
12529,
12530,CHEMBL107874
12534,
12560,CHEMBL532
12566,CHEMBL3187976
12570,CHEMBL225569
12571,
12578,
12580,CHEMBL35297
12581,
12587,CHEMBL1230308
12592,CHEMBL4172502
12613,CHEMBL3189076
12729,CHEMBL3182950
12741,CHEMBL47127
12748,CHEMBL1566946
12756,CHEMBL192458
12777,CHEMBL3182050
12779,CHEMBL95973
12810,CHEMBL3182189
12813,CHEMBL365740
12844,
12988,CHEMBL3561140
12997,
13016,
13144,CHEMBL2106111
13187,CHEMBL2228473
13204,
13233,CHEMBL3187896
13344,CHEMBL1200458
13357,CHEMBL2287316
13367,CHEMBL3222024
13436,CHEMBL462861
13561,
13572,
13576,
13587,
13621,
13654,CHEMBL2260721
13849,CHEMBL460025
13852,CHEMBL56395
13854,CHEMBL2229658
14079,CHEMBL1414126
14092,
14104,CHEMBL2424841
14228,CHEMBL3182596
14235,CHEMBL3186281
14257,CHEMBL132474
14286,CHEMBL11945
14296,CHEMBL303697
14328,CHEMBL4218890
14475,CHEMBL1789306
14489,CHEMBL3560443
14491,
14505,
14511,CHEMBL3139347
14514,CHEMBL455506
14525,CHEMBL2268554
14529,CHEMBL3186822
14778,CHEMBL2104397
14896,CHEMBL501351
14922,
14950,
14982,CHEMBL441687
14989,CHEMBL3617994
15037,CHEMBL3187231
15068,
15094,
15268,
15269,
15286,CHEMBL1487817
15380,
15394,CHEMBL1506228
15406,CHEMBL1907996
15422,
15448,
15450,
15504,CHEMBL1882821
15600,CHEMBL134537
15606,
15654,
15877,
15979,
16237,CHEMBL2252095
16255,
16296,
16315,CHEMBL123040
16330,CHEMBL2260713
16441,CHEMBL469537
16537,CHEMBL4162810
16590,CHEMBL366603
16591,CHEMBL3187351
16592,
16617,
16666,CHEMBL470670
16724,CHEMBL501949
16741,CHEMBL151649
16800,
16821,CHEMBL195215
16832,
16835,
16846,CHEMBL1355077
16872,CHEMBL3187477
16997,
17000,
17008,
17016,CHEMBL3182738
17029,
17100,CHEMBL449810
17121,
17129,
17525,CHEMBL3182794
17623,
17691,CHEMBL290007
17697,
17739,CHEMBL3186884
17868,
17898,CHEMBL329881
17899,
18064,CHEMBL1236925
18467,CHEMBL97794
18522,CHEMBL3188615
18554,CHEMBL2269084
18635,CHEMBL333298
18686,
18698,
18815,CHEMBL3187568
18818,CHEMBL452687
18827,CHEMBL3183573
18938,CHEMBL3187919
19089,
19188,CHEMBL173521
19244,
19309,CHEMBL3186302
19310,
19315,
19602,CHEMBL3182720
19603,
19695,
19707,CHEMBL3187497
19754,
20083,CHEMBL510068
20149,
20499,CHEMBL1331840
20534,
20653,CHEMBL1789229
20745,
20748,
20797,
20799,
20819,
20861,CHEMBL1887227
20928,CHEMBL2270634
20995,
21057,
21108,
21265,CHEMBL2260710
21503,
21596,
21625,CHEMBL3234723
21648,CHEMBL105912
21712,
21828,
22201,CHEMBL96425
22227,CHEMBL2268553
22310,
22311,CHEMBL15799
22383,CHEMBL3222023
22386,CHEMBL45065
22556,CHEMBL2228472
22873,CHEMBL3187323
23110,
23235,CHEMBL2260717
23367,
23642,CHEMBL333973
24020,
24115,
24197,CHEMBL3305989
24261,CHEMBL3188292
24433,CHEMBL1558498
24434,CHEMBL1644029
24456,CHEMBL2106566
24473,
24516,
24619,
24749,CHEMBL1206211
24763,
24834,
24838,CHEMBL3561573
25310,
25311,CHEMBL2228568
25519,
25611,
25793,
25915,CHEMBL94558
25916,CHEMBL95123
26049,CHEMBL506854
26058,
26204,CHEMBL3186524
26331,CHEMBL97525
26332,
26333,CHEMBL95102
26334,CHEMBL328856
26335,
26396,
26447,CHEMBL276311
26808,CHEMBL320146
27208,
27209,CHEMBL2271411
27440,
27457,CHEMBL3187840
27458,CHEMBL327303
27460,CHEMBL94736
27866,
27867,CHEMBL254585
27892,
28905,CHEMBL1904383
28906,
28930,
29025,
29251,CHEMBL3273568
29995,
30215,
30231,CHEMBL1159645
30248,CHEMBL1730107
30771,CHEMBL3560993
30914,CHEMBL3188662
30945,
31209,CHEMBL3183519
31210,
31211,CHEMBL25894
31219,CHEMBL3185609
31225,CHEMBL1867360
31226,
31231,CHEMBL473366
31234,CHEMBL1606391
31237,CHEMBL3187866
31242,CHEMBL108475
31244,CHEMBL161598
31245,CHEMBL2270061
31246,
31249,CHEMBL369243
31251,CHEMBL3187336
31252,CHEMBL94709
31253,CHEMBL455491
31256,CHEMBL3182048
31260,CHEMBL372396
31265,
31266,CHEMBL2229585
31268,CHEMBL22830
31272,CHEMBL284391
31276,CHEMBL42013
31278,
31283,CHEMBL207555
31284,CHEMBL207549
31289,CHEMBL2228376
31291,CHEMBL2228569
31353,CHEMBL3185292
31404,CHEMBL146
31408,CHEMBL257332
31492,CHEMBL3188899
32033,
32065,CHEMBL3188160
32093,
32594,CHEMBL97355
33032,CHEMBL575060
33135,CHEMBL328465
33166,CHEMBL96852
33637,
33645,
33931,
33934,CHEMBL3186540
33960,CHEMBL503899
34134,
34286,CHEMBL3188696
34645,
35349,
35821,
36225,
36822,CHEMBL3182352
37109,
39914,CHEMBL1991946
40380,CHEMBL3275138
41569,
42011,
42576,
43263,
47649,CHEMBL3184459
50006,
57449,CHEMBL319497
60968,
60979,CHEMBL2260709
60983,CHEMBL364588
60985,
60990,
60995,CHEMBL3185401
60998,
60999,CHEMBL1303827
61007,CHEMBL3184371
61015,
61016,CHEMBL3184983
61020,CHEMBL453815
61024,
61030,
61031,CHEMBL3182849
61040,CHEMBL3185940
61041,CHEMBL3183495
61045,CHEMBL321211
61048,CHEMBL2260714
61051,CHEMBL3186579
61052,
61054,CHEMBL3188181
61092,
61093,
61096,
61098,CHEMBL3186660
61124,CHEMBL3184950
61125,CHEMBL1374805
61126,
61129,
61130,
61134,
61135,CHEMBL3560312
61137,CHEMBL47155
61151,CHEMBL2252121
61153,
61155,
61166,
61171,
61177,CHEMBL2270391
61184,
61185,
61199,
61200,
61202,
61204,CHEMBL372447
61206,
61209,CHEMBL371371
61229,
61235,
61240,
61252,
61260,
61261,CHEMBL225343
61262,
61270,
61275,
61284,
61290,CHEMBL3185204
61293,
61295,
61303,CHEMBL3273567
61304,
61325,
61334,
61337,CHEMBL2268884
61346,CHEMBL3186486
61361,CHEMBL248594
61362,
61384,CHEMBL3185758
61386,
61400,
61416,
61417,CHEMBL3188412
61419,
61435,
61450,
61455,
61503,CHEMBL358850
61527,CHEMBL1894194
61585,CHEMBL3188960
61586,
61592,
61633,
61634,CHEMBL3183686
61641,CHEMBL119603
61653,
61656,
61657,
61658,
61659,
61660,CHEMBL3188298
61661,
61662,
61663,CHEMBL3186212
61664,
61665,
61670,CHEMBL3182614
61700,
61712,
61715,
61743,
61780,
61781,
61808,
61812,CHEMBL3186269
61814,
61840,CHEMBL1789171
61845,
61874,
61875,
61918,
61922,
61926,
61942,
61953,CHEMBL3185445
61955,
61982,CHEMBL3183829
61988,
62003,
62013,
62069,
62074,
62089,
62092,CHEMBL3183410
62105,CHEMBL3181874
62117,
62128,
62131,
62237,
62321,
62328,CHEMBL3188389
62333,
62341,CHEMBL3184429
62348,CHEMBL4297450
62350,
62351,CHEMBL3186484
62362,CHEMBL264141
62367,
62374,
62375,
62378,CHEMBL3728427
62384,
62385,
62424,
62433,CHEMBL3187606
62434,
62444,
62445,CHEMBL3182254
62453,CHEMBL349881
62465,CHEMBL3186900
62484,
62510,
62539,CHEMBL1812853
62572,
62592,CHEMBL3186512
62653,
62725,CHEMBL1870000
62835,CHEMBL3185688
62897,
62900,
62901,
62908,
62913,
64685,CHEMBL1097205
64689,CHEMBL1614854
65064,CHEMBL297453
65084,CHEMBL125743
65243,CHEMBL266625
65285,
65288,
65289,
65290,
65413,
65425,
65427,
65428,
65571,CHEMBL517016
65575,CHEMBL1974890
65724,CHEMBL1409937
66093,CHEMBL372105
66282,
66370,
66654,CHEMBL450288
66751,CHEMBL118062
66828,
67179,
67521,CHEMBL4288485
68057,
68077,CHEMBL73930
68148,CHEMBL108862
68316,
68346,
68490,
68960,CHEMBL3593941
68972,CHEMBL1079147
69320,CHEMBL21824
69415,CHEMBL1814589
69435,CHEMBL1232386
69600,CHEMBL350966
69816,
69963,
70962,CHEMBL2272092
71077,CHEMBL285123
71080,CHEMBL66693
71083,CHEMBL104875
71098,CHEMBL1076637
71567,CHEMBL379630
71802,CHEMBL1201068
72276,CHEMBL583912
72277,CHEMBL47386
72304,CHEMBL366460
72320,
72344,CHEMBL76447
73111,CHEMBL2368547
73467,CHEMBL1080178
73750,
75263,CHEMBL2208211
75427,CHEMBL1081721
75515,
75552,CHEMBL1947232
76152,CHEMBL97593
76922,CHEMBL3593942
77151,
77837,
77840,
77932,
78120,CHEMBL298717
78151,CHEMBL3593576
78152,CHEMBL2285739
78160,CHEMBL2151143
78199,
78484,
78879,
78925,CHEMBL277871
79023,
79045,
79086,
79105,
79803,
79828,
79990,
80046,
80790,CHEMBL464709
80796,
81221,
81263,CHEMBL3182701
81696,
81964,
82227,CHEMBL1236329
82229,
82336,
82635,
83036,
83887,CHEMBL29757
84216,
84234,CHEMBL118504
84532,
84571,
84815,CHEMBL1234268
84825,
85053,
85073,
85519,
85520,
85522,
85536,
85704,CHEMBL3185240
85730,
86597,
86608,
86609,
86752,
86753,
86818,
87436,CHEMBL3593943
87466,
87793,
88290,
88454,CHEMBL3186132
88460,CHEMBL2004717
89306,
89316,
89421,
89560,
89594,CHEMBL3
89755,
90246,
90716,
90785,
91354,
91457,CHEMBL88244
91469,CHEMBL198877
91476,
91496,CHEMBL2268547
92092,CHEMBL1236183
92116,
92138,CHEMBL2287241
92139,CHEMBL4210821
92221,CHEMBL510535
92231,CHEMBL518542
92313,
92649,
92762,CHEMBL3120654
92780,
92794,CHEMBL469654
92851,CHEMBL171281
93019,CHEMBL1990994
93046,
93081,
93236,CHEMBL1988732
94060,
94164,
94174,
94217,
94254,
94314,CHEMBL3189103
94378,CHEMBL2071440
94579,CHEMBL3120645
95337,CHEMBL3560208
95457,
95495,
96923,
97730,
98043,
98251,
98280,CHEMBL1592541
98497,
98781,
99967,CHEMBL1968792
100031,
101010,CHEMBL3183970
101115,
101536,
101549,CHEMBL3732724
101716,
101750,
101799,CHEMBL2289230
101977,CHEMBL1907993
102024,
102550,
102611,
102667,CHEMBL3109299
102861,CHEMBL1530328
102993,
104620,
104721,
104722,
104938,
106441,
106756,
107152,
107153,
107166,CHEMBL3728760
107217,CHEMBL3186375
107526,CHEMBL448805
107561,CHEMBL2229207
107689,CHEMBL330546
107905,CHEMBL36327
107971,CHEMBL486422
109332,
110664,
110968,
111037,CHEMBL3183581
111274,
114840,CHEMBL19344
115149,
115221,CHEMBL1408113
116625,
117477,
117754,
118658,
118928,
119900,
121677,
121694,
121719,
122485,
122594,
123136,
123388,
125468,CHEMBL52416
126537,
130796,
136460,
137065,
137640,
138818,
138824,
141850,
142266,
145386,
145659,CHEMBL226507
145742,CHEMBL54922
145815,CHEMBL1232207
146586,
146694,CHEMBL303483
151199,CHEMBL573448
155007,
155626,
157355,CHEMBL1661
159055,CHEMBL504760
160799,CHEMBL2228955
161120,
162293,
162392,
162458,
162464,CHEMBL487213
165224,CHEMBL574688
169110,
170833,CHEMBL237994
173843,CHEMBL2288883
176439,
176983,
179651,CHEMBL517449
181128,
181747,
184852,CHEMBL3593944
185226,
185635,
196915,
206037,CHEMBL3593947
219357,
219794,
220674,CHEMBL2236867
221691,
222284,CHEMBL221542
222285,CHEMBL349605
222656,
226036,
226311,
226486,CHEMBL2059292
227829,CHEMBL226915
228548,
228583,
228588,
228769,
229377,
229387,
229888,
231325,
235284,CHEMBL2004366
235414,CHEMBL3560504
237332,CHEMBL185885
238782,CHEMBL70518
240119,CHEMBL3183593
240925,CHEMBL205268
243783,
245572,
246728,CHEMBL2269087
247573,
249494,CHEMBL3187980
250096,CHEMBL3186295
261491,CHEMBL1444078
263034,
263620,
275196,CHEMBL364713
287687,
288227,
289151,
316771,
324224,
326240,
329983,CHEMBL1522900
330573,
354616,
371257,
373677,
381152,CHEMBL54161
387977,CHEMBL2007486
399848,
403919,CHEMBL2001434
429065,CHEMBL3273403
439178,
439186,
439246,CHEMBL9352
439250,CHEMBL236688
439263,CHEMBL1907991
439341,
439353,CHEMBL300520
439357,CHEMBL1233058
439503,CHEMBL462997
439524,CHEMBL1232258
439533,CHEMBL66
439570,CHEMBL2229268
439583,
439600,CHEMBL1232369
439680,
439867,
439957,
440917,CHEMBL449062
440936,CHEMBL232202
440967,CHEMBL3184774
440968,CHEMBL3109297
440995,
441005,CHEMBL445759
441014,CHEMBL1614877
441032,
441033,CHEMBL2093058
441034,
441035,CHEMBL1519430
441071,CHEMBL227934
441484,
442009,CHEMBL218693
442011,
442138,
442292,CHEMBL47244
442343,CHEMBL1096927
442353,
442355,
442384,
442393,CHEMBL2287242
442428,CHEMBL451532
442462,
442482,CHEMBL455041
442495,CHEMBL2924219
442501,
443156,
443157,CHEMBL2426622
443158,CHEMBL235672
443159,CHEMBL2268548
443160,
443162,CHEMBL447597
443167,
444041,CHEMBL415690
444212,CHEMBL153658
444314,
444539,CHEMBL27246
444972,CHEMBL503160
445070,CHEMBL25308
445154,CHEMBL165
445638,CHEMBL453509
445639,CHEMBL8659
446925,CHEMBL501174
447466,CHEMBL1086445
448165,
448388,
448702,
448925,
448996,
449290,
451187,
451188,
451189,
493591,CHEMBL63558
509245,CHEMBL460647
513197,CHEMBL492828
517045,CHEMBL1354
517055,CHEMBL1356
517827,CHEMBL3183483
518472,
518810,
518856,
518937,
519158,
519323,
519361,
519382,CHEMBL3188345
519539,
519662,
519732,
519764,
519786,
519793,CHEMBL117865
519823,
519845,
519857,
519890,
520098,CHEMBL94514
520108,CHEMBL1589555
520144,
520148,CHEMBL3183389
520191,
520296,
520300,
520326,
520395,CHEMBL93500
520440,
520455,
520484,
520682,
520895,
521185,
521238,
521246,
521253,
521300,
521332,
521334,
521380,
521869,
521873,
521902,
522071,
522111,
522214,
522266,
522458,
522459,
522514,
522676,
522834,
522877,
523035,
524200,
524975,
525358,
526152,
526195,
526487,
526559,
526618,
526624,CHEMBL3185064
526762,
526853,
527144,
527435,
527498,
528698,
528708,
528763,
529052,
529056,
529251,
529253,
529388,
529481,
529496,
529635,
530404,
534377,
534429,
534969,
537754,
543579,
543912,
544628,
547907,
551084,
556998,
557934,
560255,
560572,
565690,
566062,
569214,
574068,
577126,
578423,CHEMBL4159021
578817,
579336,
579338,
586292,
589365,
595928,
636687,
636760,
636822,CHEMBL333306
637195,CHEMBL3356397
637511,CHEMBL293492
637517,CHEMBL460657
637520,CHEMBL55060
637542,CHEMBL66879
637563,CHEMBL452630
637564,CHEMBL1576086
637566,CHEMBL25719
637758,CHEMBL318196
637759,CHEMBL73639
637775,CHEMBL109341
637776,CHEMBL465829
637796,CHEMBL487603
637920,CHEMBL4099976
638011,CHEMBL1080997
638014,CHEMBL559945
638024,CHEMBL43185
638034,CHEMBL486193
638122,CHEMBL115668
638127,
638278,CHEMBL129795
638500,CHEMBL3184169
639665,CHEMBL253896
641248,
641256,CHEMBL3187813
641294,CHEMBL452173
641298,CHEMBL83159
641624,
641625,
641626,
641627,
641681,
642039,
642376,CHEMBL249592
642793,CHEMBL3126829
642875,
643139,
643731,
643757,CHEMBL347285
643779,
643820,CHEMBL452683
643915,CHEMBL55941
643941,
643950,
644104,
656566,
657055,
667450,
735940,CHEMBL105424
778574,CHEMBL2286136
853433,CHEMBL193598
929262,CHEMBL304461
1042025,
1201518,CHEMBL3186705
1201521,
1268142,CHEMBL446299
1548943,CHEMBL294199
1549018,CHEMBL2251602
1549025,CHEMBL2268549
1549026,CHEMBL1369384
1549040,CHEMBL1468832
1549041,CHEMBL445206
1549045,CHEMBL1164609
1549080,
1549521,CHEMBL1994615
1549522,
1549778,
1550470,CHEMBL398921
1550846,CHEMBL2387747
1550884,CHEMBL1449245
1550890,CHEMBL1095954
1616260,
1711944,
1711945,CHEMBL486207
1713001,
1715056,
1742210,CHEMBL508894
1742211,CHEMBL399036
1757003,
2724488,CHEMBL1873035
2733294,CHEMBL2251453
2733977,
2734150,
2734646,
2762759,
3017596,
3018771,
3018936,
3025939,
3032541,
3033866,
3034034,CHEMBL170
3034742,
3067270,CHEMBL1200429
3081923,
3082381,
3084331,CHEMBL2228956
3085213,
3086428,
3321199,
3321360,CHEMBL190613
3591866,
3648225,
3819217,CHEMBL52267
4120025,
4564493,CHEMBL3182150
4713080,
5018391,CHEMBL2165230
5273467,CHEMBL1900511
5273469,CHEMBL361197
5275520,CHEMBL170190
5275726,CHEMBL3883497
5280341,
5280343,CHEMBL50
5280435,CHEMBL1644111
5280443,CHEMBL28
5280445,CHEMBL151
5280450,CHEMBL267476
5280462,CHEMBL463088
5280511,CHEMBL118958
5280598,CHEMBL3120646
5280666,CHEMBL214321
5280804,CHEMBL250450
5280863,CHEMBL150
5280961,CHEMBL44
5281162,CHEMBL2229606
5281163,CHEMBL299599
5281167,CHEMBL2251452
5281168,CHEMBL2228570
5281222,CHEMBL128000
5281377,CHEMBL486625
5281404,CHEMBL12014
5281428,
5281435,
5281515,CHEMBL445740
5281516,CHEMBL3182226
5281517,
5281520,CHEMBL251280
5281534,
5281535,
5281544,CHEMBL1911053
5281553,CHEMBL2228374
5281607,CHEMBL117
5281611,CHEMBL242383
5281614,CHEMBL31574
5281617,CHEMBL210635
5281654,CHEMBL379064
5281670,CHEMBL28626
5281680,CHEMBL413552
5281697,CHEMBL55415
5281701,CHEMBL247484
5281707,CHEMBL30707
5281708,CHEMBL8145
5281804,CHEMBL491174
5281929,CHEMBL2139332
5282108,CHEMBL472877
5282109,CHEMBL3182514
5282110,
5282184,CHEMBL2106238
5282499,
5282707,CHEMBL2252747
5282708,
5282716,
5282718,
5282722,
5282724,CHEMBL2229622
5282726,
5282800,CHEMBL1093743
5283316,CHEMBL454759
5283321,CHEMBL2269080
5283324,CHEMBL448058
5283329,
5283335,CHEMBL450072
5283339,CHEMBL4074177
5283345,CHEMBL507518
5283349,CHEMBL443949
5283356,CHEMBL451328
5283361,CHEMBL2228452
5283383,
5284421,CHEMBL3183866
5284499,CHEMBL2105350
5284503,CHEMBL3184538
5284507,CHEMBL25424
5284639,CHEMBL1364260
5284656,
5288350,
5288769,
5311110,
5315594,
5315892,CHEMBL324794
5315912,
5315941,
5317309,
5317319,
5317570,
5318042,CHEMBL2228463
5318103,
5318517,CHEMBL186141
5318557,CHEMBL121548
5318599,CHEMBL2228465
5318734,
5319264,
5319706,CHEMBL1172198
5319754,CHEMBL2270062
5319765,
5320250,
5320722,
5321950,CHEMBL53493
5322111,
5323650,CHEMBL250421
5324489,
5352162,
5352367,
5352428,
5352429,
5352437,
5352438,
5352460,
5352461,
5352463,
5352481,CHEMBL3355912
5352539,CHEMBL3183445
5352543,CHEMBL3187552
5352557,
5352626,
5352770,
5352774,
5352798,
5352799,
5352808,
5352830,
5352837,CHEMBL3184730
5352838,
5352874,
5352876,
5352905,
5352973,
5353545,CHEMBL1728549
5353547,
5354263,
5354763,
5354833,
5354882,
5354883,
5354896,CHEMBL1594090
5355853,
5355856,CHEMBL3187344
5356544,CHEMBL561014
5358336,
5362563,
5362564,CHEMBL3186526
5362572,
5362579,
5362580,
5362583,
5362588,
5362592,
5362593,
5362594,
5362616,
5362622,
5362623,
5362661,
5362696,
5362720,
5362782,
5362792,CHEMBL3182724
5362798,
5362814,
5362819,
5362830,
5362833,CHEMBL3186514
5363140,
5363229,CHEMBL4062155
5363231,
5363233,CHEMBL206566
5363269,CHEMBL2106289
5363291,
5363388,CHEMBL2251454
5363426,
5363526,
5363537,
5363741,
5363817,
5363896,
5364231,
5364399,
5364409,
5364430,
5364438,
5364519,
5364532,CHEMBL4076957
5364578,
5364631,
5364752,CHEMBL256368
5364778,
5364789,
5364919,CHEMBL2269088
5364920,
5364941,CHEMBL2228466
5365004,CHEMBL2228467
5365027,
5365049,CHEMBL3188009
5365069,
5365587,
5365589,
5365706,
5365710,
5365765,
5365782,CHEMBL21404
5365811,
5365850,
5365891,
5365909,CHEMBL116268
5365982,
5365991,
5365992,
5366038,CHEMBL3273404
5366074,CHEMBL3733030
5366077,
5366155,
5366244,CHEMBL390773
5366264,
5366352,CHEMBL3185276
5366552,
5366844,
5366856,
5367369,
5367391,
5367412,
5367530,
5367531,
5367665,
5367681,
5367682,
5367698,
5367706,CHEMBL3182851
5367719,CHEMBL184827
5367752,
5367785,CHEMBL3186926
5367807,
5368103,
5368821,CHEMBL2268552
5370052,
5370101,
5370448,
5370602,
5371002,CHEMBL3183603
5372813,
5372954,
5373603,CHEMBL401203
5373729,
5374527,
5377381,CHEMBL1488393
5399110,
5460291,
5460297,
5462988,
5463238,
5463485,
5463875,
5463904,
5463914,
5463935,
5463936,
5463962,
5464164,
5484202,CHEMBL66926
5742590,CHEMBL506678
5791138,
5853952,
5892299,
5916154,
5986428,
6028462,
6086514,
6102790,
6210220,
6275271,
6321330,CHEMBL1453070
6321405,CHEMBL3560760
6323336,CHEMBL3186423
6329006,
6365761,
6370843,
6420258,
6420388,
6421281,
6427087,
6427105,
6427135,
6427787,
6427788,
6428089,
6428458,
6428535,
6428543,
6428555,CHEMBL3185994
6428570,
6428573,CHEMBL2252948
6428802,
6428929,
6428936,
6428986,
6428990,
6428995,CHEMBL2289233
6429195,
6429268,
6429289,
6429333,
6430180,
6430188,
6430713,
6430738,
6430754,
6430759,
6430833,
6430888,
6430892,
6431015,
6431144,
6432005,CHEMBL477900
6432254,CHEMBL2252947
6432404,
6432469,
6433150,
6433214,
6433417,
6433476,
6433715,
6433750,
6434541,
6435861,
6435866,
6435914,
6436017,CHEMBL285376
6436239,CHEMBL425677
6436336,
6436375,
6436486,
6436624,
6436627,
6438070,
6439585,
6440397,CHEMBL558557
6450812,
6450832,
6473881,
6508206,
6537492,CHEMBL1420783
6552009,CHEMBL486208
6560213,
6857681,CHEMBL3586094
6911854,
6918391,CHEMBL448502
6971003,
6971007,
6971016,
6971096,
6971097,
6971098,
6992021,
6992084,
6993580,
6997366,
7018164,
7043897,
7044038,
7098663,
7098664,
7098673,
7130189,
7156899,
7156900,
7157007,
7167919,
7167921,
7167923,
7566553,
7566558,
7566942,
7566944,
7567908,
7568072,
7605278,CHEMBL430091
9548706,
9548801,
9548802,
9549179,
9576240,
9601691,
9793905,CHEMBL2048654
9794056,
9815418,
9819399,
9834129,
9855795,CHEMBL3186909
9884439,
9884534,
9884535,
9898836,
9899007,
9927988,
9964407,
9989713,
10035228,
10081060,
10103794,
10104370,CHEMBL1077088
10130220,
10197954,
10219674,
10219763,
10255083,CHEMBL263094
10291131,
10291132,
10313382,
10327727,
10329946,
10398656,CHEMBL486795
10450027,
10856614,
10857465,CHEMBL496447
10867438,
10878761,CHEMBL505813
10887828,
10899282,
10954115,
10954241,
10991489,
11019447,
11030410,
11084123,
11094547,
11106485,
11175902,
11240503,
11344362,
11367383,
11368078,
11412863,
11480819,
11492034,
11571906,
11571917,
11586487,
11600783,
11651921,
11672764,
11744854,
11746218,CHEMBL3120650
11815386,
11830551,CHEMBL3120652
11865435,
11865436,
11865437,
11865438,
11886768,
11886769,
11908385,
11908386,
11908449,
11908450,
11908451,
11908483,
11908488,
11908489,
11908490,
11959770,
11970126,
11970252,
11992452,
12003287,CHEMBL2115552
12216200,
12225100,
12302243,
12304610,CHEMBL3277900
12305247,
12306047,
12306048,
12315259,
12365893,
12376292,
12409825,
12571389,
12658395,CHEMBL1222273
12807117,
12858404,
13026600,
13993178,
14030006,
14109402,
14690973,
15558051,
15560285,
15801179,
15824502,
15825502,
16129778,CHEMBL506247
16211403,
16217806,CHEMBL1797128
16220110,
18185507,
18645216,
19882842,
20835504,
21116845,
21159022,
21159448,
21160126,
21587486,
21606187,
21675005,
21924868,
21947120,
22251515,
22833654,
23039305,
23662384,
23665706,CHEMBL273977
23672308,
23676745,CHEMBL2106930
23682211,
23724983,
24832101,
24832103,
24847856,
24848002,
24848148,
24848151,
24848152,
25021769,
25080119,
25080121,
25080122,
25080123,
25163992,
44134661,
44201359,
44229138,
44564215,CHEMBL430341
46779070,
51397980,
53425122,
53472027,
54670067,CHEMBL196
54670067,CHEMBL40274
54675810,CHEMBL486293
55295881,
57346909,
57350395,
57357963,
57370186,
57501028,
57965774,
71571511,
71587277,
71587538,
71587849,
76319594,CHEMBL2269081
86306395,
91865027,
92043553,
92043681,
118855872,
